model,n,r2,adj_r2
b1: households level ~ DLI (mean),103,0.057311501276050385,0.047977951783733985
b2: + number of statements,103,0.07070270026271609,0.052116754267970355
b3: + lagged expectations,103,0.7443703606940884,0.7366240079878486
b4: Δ expectations ~ DLI (mean) + statements,103,0.029104111563329895,0.009686193794596454
b5: DLI (interaction variant) + controls,103,0.7429243591414652,0.735134188206358
"b6: distributed lag (DLI t, t-1) + controls",103,0.7494037573183626,0.7391753392497243
b7: DLI (last in quarter) + controls,103,0.7450689353356569,0.7373437515579495
