model,n,r2,adj_r2
h1: households ~ DLI + controls,103,0.7443703606940884,0.7366240079878486
h2: professionals ~ DLI + controls,103,0.14939113637934198,0.12361511020901905
h3: households + surprise (post-2020),24,0.7099234355841754,0.6488546851808439
h4: professionals + surprise (post-2020),24,0.32280137061678077,0.18023323811505032
